Id,Business Date,Security Id,Symbol,Security Name,Open Price,High Price,Low Price,Close Price,Total Traded Quantity,Total Traded Value,Previous Day Close Price,Fifty Two Week High,Fifty Two Week Low,Last Updated Time,Last Updated Price,Total Trades,Average Traded Price,Market Capitalization
1,3/10/2025,132,NIMB,Nepal Investment Mega Bank Limited,222,226,216.2,218,207706,45230018.4,218,295,147.4,2025-03-10T14:59:25.482943,218,410,217.75,
2,3/10/2025,137,EBL,Everest Bank Limited,629.9,630,615.3,621.8,28345,17561733.5,618,790,487.3,2025-03-10T14:59:56.568157,621.8,147,619.57,
3,3/10/2025,139,NICA,NIC Asia Bank Ltd.,379.8,393.5,379.8,382,51563,19812899.6,387.5,573,341.6,2025-03-10T14:59:58.298049,382,353,384.24,
4,3/10/2025,140,MBL,Machhapuchhre Bank Limited,234,235.8,230,232,68335,15866485.1,234,295,157.8,2025-03-10T14:59:56.612832,232,215,232.18,
5,3/10/2025,142,KBL,Kumari Bank Limited,210,215,210,211,195478,41403265.2,211.4,272.9,129.6,2025-03-10T14:59:47.495057,211,572,211.8,
6,3/10/2025,145,SBL,Siddhartha Bank Limited,294.8,295,286,289.5,22408,6495862.3,292,380,214,2025-03-10T14:58:39.784144,289.5,105,289.89,
7,3/10/2025,147,SHL,Soaltee Hotel Limited,499,503,490,493.3,44839,22281915.4,498,636.5,416.5,2025-03-10T14:59:22.648174,493.3,170,496.93,
8,3/10/2025,148,TRH,Taragaon Regency Hotel Limited,1110,1123,1095,1101,3200,3515040,1108,1538,695.1,2025-03-10T14:58:21.228505,1101,39,1098.45,
9,3/10/2025,149,OHL,Oriental Hotels Limited,977,977,932,943,5917,5585862.8,958,1205,704,2025-03-10T14:59:47.066863,943,75,944.03,
10,3/10/2025,152,NHPC,National Hydro Power Company Limited,223.4,224.9,218,219.9,128096,28204011.5,221,290,136,2025-03-10T14:59:53.557292,219.9,419,220.17,
11,3/10/2025,153,BPCL,Butwal Power Company Limited,411.2,418,410,410,17969,7425450.5,414,536.5,284.4,2025-03-10T14:59:58.909828,410,163,413.23,
12,3/10/2025,154,CHCL,Chilime Hydropower Company Limited,532,534,515.1,516.3,23864,12463393.7,525,697,426.3,2025-03-10T14:58:32.719911,516.3,167,522.26,
13,3/10/2025,156,BBC,Bishal Bazar Company Limited,5450,5588,5400,5401,890,4842827,5499,7247,3631,2025-03-10T14:59:20.302564,5401,51,5441.37,
14,3/10/2025,163,NUBL,Nirdhan Utthan Laghubitta Bittiya Sanstha Limited,699,704,686,695,14370,9999984,699.8,930.2,613,2025-03-10T14:59:09.134485,695,127,695.89,
15,3/10/2025,172,NABBC,Narayani Development Bank Limited,1788.5,1866,1771,1839,29610,53664446.9,1825,1919.7,396,2025-03-10T14:59:59.317062,1839,149,1812.37,
16,3/10/2025,176,NICL,Nepal Insurance Co. Ltd.,1023,1023,995.4,999,21213,21310882.1,1005,1162,800,2025-03-10T14:59:57.885776,999,189,1004.61,
17,3/10/2025,183,NIL,Neco Insurance Limited,793,801.9,785,792,18562,14762551.2,792,1050,750,2025-03-10T14:59:19.273153,792,87,795.31,
18,3/10/2025,184,PRIN,Prabhu Insurance Ltd.,990,1008,980,984.8,11261,11248252.4,989,1113,740,2025-03-10T14:59:18.184894,984.8,95,998.86,
19,3/10/2025,185,SALICO,Sagarmatha Lumbini Insurance Co. Limited,749.9,749.9,735,739,10107,7463475.7,739.2,926,602,2025-03-10T14:59:57.457127,739,63,738.44,
20,3/10/2025,186,IGI,IGI Prudential insurance Limited,625,633.9,607,618,48486,29970297.9,622,760,508,2025-03-10T14:59:58.362245,618,266,618.12,
21,3/10/2025,187,NLIC,Nepal Life Insurance Co. Ltd.,785.1,814,785.1,792,44060,35278719.6,799.8,1060,566,2025-03-10T14:59:47.304599,792,404,800.69,
22,3/10/2025,204,GUFL,Gurkhas Finance Ltd.,630,640,625.2,625.5,9447,5961052,634,1041,548,2025-03-10T14:59:30.168145,625.5,118,630.99,
23,3/10/2025,213,BNT,Bottlers Nepal (Terai) Limited,13350,13578,13300,13300,151,2013589,13206,18100,12208.1,2025-03-10T14:38:09.460951,13300,15,13335.02,
24,3/10/2025,232,GFCL,Goodwill Finance Limited,729,742.3,716.4,721.8,23912,17323291.8,728,1353,438,2025-03-10T14:59:59.317735,721.8,213,724.46,
25,3/10/2025,235,HDL,Himalayan Distillery Limited,1249,1270,1235.5,1241.2,56054,70086782.7,1249,1749,1136,2025-03-10T14:59:57.161713,1241.2,875,1250.34,
26,3/10/2025,236,PFL,Pokhara Finance Ltd.,469.9,470,458,459,35419,16442264.8,466,795,339.9,2025-03-10T14:59:57.258418,459,302,464.22,
27,3/10/2025,238,NMB,NMB Bank Limited,257.1,260,254.5,259,52771,13554039.6,257,300,162,2025-03-10T14:59:17.96598,259,260,256.84,
28,3/10/2025,245,CFCL,Central Finance Co. Ltd.,615,627,607,607.1,27671,16942606.3,611,820,338,2025-03-10T14:59:48.555218,607.1,191,612.28,
29,3/10/2025,250,JFL,Janaki Finance Company Limited,560,570,549,552,43937,24580824.5,560,1083.3,370,2025-03-10T14:59:58.65057,552,355,559.45,
30,3/10/2025,131,NABIL,Nabil Bank Limited,496,500,490,491,44625,21979031.8,495,700,419,2025-03-10T14:59:43.969454,491,550,492.52,
31,3/10/2025,133,SCB,Standard Chartered Bank Limited,655,666,655,656,38917,25588825.9,655.2,790,508,2025-03-10T14:59:31.981855,656,193,657.52,
32,3/10/2025,134,HBL,Himalayan Bank Limited,245,245,237.7,238.8,34471,8290724.9,242.4,312.1,167.1,2025-03-10T14:59:42.529469,238.8,163,240.51,
33,3/10/2025,135,SBI,Nepal SBI Bank Limited,423,429,414.9,417,34422,14349598.8,423.3,549,268.6,2025-03-10T14:59:40.398877,417,121,416.87,
34,3/10/2025,141,LSL,Laxmi Sunrise Bank Limited,225.2,232,225.2,227,84266,19232957.4,228.9,300,143.6,2025-03-10T14:58:46.072344,227,210,228.24,
35,3/10/2025,155,STC,Salt Trading Corporation,5440,5500,5390,5448.9,1635,8901811.3,5450,7000,4210,2025-03-10T14:59:57.895085,5448.9,53,5444.53,
36,3/10/2025,164,CBBL,Chhimek Laghubitta Bittiya Sanstha Limited,870,881.9,865,870,9703,8445590.8,870,1155,800,2025-03-10T14:59:12.560697,870,132,870.41,
37,3/10/2025,166,DDBL,Deprosc Laghubitta Bittiya Sanstha Limited,824.9,824.9,810.1,810.1,6665,5416025.2,813,1099,670,2025-03-10T14:59:58.405132,810.1,105,812.6,
38,3/10/2025,171,SANIMA,Sanima Bank Limited,311.8,312,307.2,308,73489,22738893.6,309.5,382,228,2025-03-10T14:59:46.390921,308,250,309.41,
39,3/10/2025,177,RBCL,Rastriya Beema Company Limited,15000,15200,14901,15000,356,5347570.5,15066,22493.9,12800,2025-03-10T14:57:26.38937,15000,24,15021.26,
40,3/10/2025,178,NLICL,National Life Insurance Co. Ltd.,663,665,650.1,653,28769,18968645.1,658,776.1,521.3,2025-03-10T14:59:50.095345,653,185,659.34,
41,3/10/2025,179,HEI,Himalayan Everest Insurance Limited,642,650,630,639.9,24375,15506463,642,810,553.3,2025-03-10T14:59:58.620111,639.9,127,636.16,
42,3/10/2025,180,UAIL,United Ajod Insurance Limited,696.6,696.6,669,675,36185,24558817.7,683,837.3,515.5,2025-03-10T14:59:47.936517,675,254,678.7,
43,3/10/2025,182,SPIL,Siddhartha Premier Insurance Limited,855,883.9,855,864,14805,12798260.6,871,1076,711.5,2025-03-10T14:59:59.211676,864,134,864.45,
44,3/10/2025,188,LICN,Life Insurance Corporation (Nepal) Limited,1115,1137.1,1082.2,1109.9,68567,75911884,1115,2475,1070,2025-03-10T14:59:55.724176,1109.9,746,1107.11,
45,3/10/2025,192,SICL,Shikhar Insurance Co. Ltd.,848,850.2,819,823,12784,10629132.6,837.2,1120,669.4,2025-03-10T14:59:45.003131,823,115,831.44,
46,3/10/2025,194,NFS,Nepal Finance Ltd.,775,775,744.9,744.9,45612,34458745.4,761,2614.9,360,2025-03-10T14:59:57.553653,744.9,528,755.47,
47,3/10/2025,210,CIT,Citizen Investment Trust,2011.2,2039,2000,2002,12210,24633692.7,2025,2700,1887,2025-03-10T14:59:57.813914,2002,263,2017.5,
48,3/10/2025,219,UNL,Unilever Nepal Limited,46500,47244,46301,46301,114,5304770,47000,56805.8,38400,2025-03-10T14:58:58.307232,46301,10,46533.07,
49,3/10/2025,227,BFC,Best Finance Company Ltd.,629,629,608.7,610.1,31559,19454833.6,618,951.6,330,2025-03-10T14:59:53.558681,610.1,227,616.45,
50,3/10/2025,244,SIFC,Shree Investment Finance Co. Ltd.,555,566.7,545.1,550,15502,8573268.2,545,795,352.8,2025-03-10T14:59:56.738,550,151,553.04,
51,3/10/2025,255,PRVU,Prabhu  Bank Limited,222.4,223.8,218,219.1,140665,30918179.2,220,297,132,2025-03-10T14:59:29.601704,219.1,451,219.8,
52,3/10/2025,256,SFCL,Samriddhi Finance Company Limited,565,579,560.1,566.4,36030,20452148.3,568,1117.9,305.1,2025-03-10T14:59:59.512323,566.4,295,567.64,
53,3/10/2025,263,GMFIL,Guheshowori Merchant Bank & Finance Co. Ltd.,537.5,544.8,515,523,13217,6910595.2,527,759,348,2025-03-10T14:59:55.846439,523,108,522.85,
54,3/10/2025,348,CZBIL,Citizens Bank International Limited,217,218.4,213.6,214.3,45612,9817137.1,216.1,296,152.5,2025-03-10T14:59:19.798549,214.3,186,215.23,
55,3/10/2025,358,LBBL,Lumbini Bikas Bank Ltd.,472,475,459.1,459.2,17239,8015944,469,560,361,2025-03-10T14:59:58.905382,459.2,87,464.98,
56,3/10/2025,360,AHPC,Arun Valley Hydropower Development Co. Ltd.,268,272.1,261.5,263,210740,56044718.8,267,349,149,2025-03-10T14:59:55.654193,263,565,265.94,
57,3/10/2025,371,MDB,Miteri Development Bank Limited,700,705.9,682.1,684,31248,21577614,695,843.5,395,2025-03-10T14:59:59.504002,684,261,690.52,
58,3/10/2025,393,HLI,Himalayan Life Insurance Limited,443,452,440.3,442.8,52695,23411796.1,446,607,364.1,2025-03-10T14:59:59.662206,442.8,375,444.28,
59,3/10/2025,268,SWBBL,Swabalamban Laghubitta Bittiya Sanstha Limited,883,883,865,870,7563,6575123.2,871,1232,711.5,2025-03-10T14:59:54.543251,870,59,869.38,
60,3/10/2025,273,ICFC,ICFC Finance Limited,650,650,638,640,18416,11857812.5,644,910,488,2025-03-10T14:59:26.273914,640,158,643.88,
61,3/10/2025,274,EDBL,Excel Development Bank Ltd.,681.3,721,681.3,689,27809,19418253.9,695.2,838.2,343.5,2025-03-10T14:59:49.323607,689,165,698.27,
62,3/10/2025,307,NTC,Nepal Doorsanchar Company Limited,910,925,902.1,908,15290,13948857.6,910,1214,800,2025-03-10T14:59:38.476904,908,262,912.28,
63,3/10/2025,338,PROFL,Progressive Finance Limited,589.5,599.5,572.4,575,21106,12261095.9,578,865,309,2025-03-10T14:59:47.098071,575,178,580.92,
64,3/10/2025,341,GBIME,Global IME Bank Limited,230,230,226.5,230,153284,35002953.4,228.3,302,170,2025-03-10T14:59:58.193071,230,569,228.35,
65,3/10/2025,357,PCBL,Prime Commercial Bank Ltd.,263,269.9,256.1,258,95764,24805680,260.4,329,186,2025-03-10T14:59:10.548365,258,228,259.02,
66,3/10/2025,385,ALICL,Asian Life Insurance Co. Limited,775,783,765,769,23849,18438285.3,774,831,523,2025-03-10T14:59:57.460566,769,165,773.12,
67,3/10/2025,396,NMLBBL,Nerude Mirmire Laghubitta Bittiya Sanstha Limited,686.2,689,680.1,685,5764,3941640.6,685,988,555,2025-03-10T14:59:28.693312,685,69,683.83,
68,3/10/2025,401,MLBL,Mahalaxmi Bikas Bank Ltd.,422,428.8,405.2,405.9,281330,116477606.5,422,498,311.7,2025-03-10T14:59:56.740414,405.9,603,414.02,
69,3/10/2025,459,KSBBL,Kamana Sewa Bikas Bank Limited,464,464,455,462.5,37395,17177909.1,460,564.8,341,2025-03-10T14:59:59.362351,462.5,169,459.36,
70,3/10/2025,469,NIMBPO,Nepal Investment Mega Bank Ltd. Promoter Share,158.2,158.2,157,157,23402,3683528,159.8,222,122.8,2025-03-10T14:59:52.157871,157,6,157.4,
71,3/10/2025,473,SHINE,Shine Resunga Development Bank Ltd.,437.9,439.6,428,429,34192,14779198.8,433.5,625,354,2025-03-10T14:59:24.399244,429,177,432.24,
72,3/10/2025,474,MNBBL,Muktinath Bikas Bank Ltd.,380,381,375.4,375.4,21706,8197129.8,378.8,482,332.4,2025-03-10T14:59:25.875527,375.4,150,377.64,
73,3/10/2025,516,MFIL,Manjushree Finance Ltd.,643,653.9,630.1,635,19818,12681782.8,643,917,480.2,2025-03-10T14:59:54.385467,635,193,639.91,
74,3/10/2025,559,NLG,NLG Insurance Company Ltd.,895.8,972,877,903,385269,349845454.7,914,1382,732,2025-03-10T14:59:50.804226,903,1468,908.05,
75,3/10/2025,561,SINDU,Sindhu Bikash Bank Ltd,1110.5,1178.7,1083,1115,84706,94125465.02,1133.1,1482,336,2025-03-10T14:59:59.314136,1115,767,1111.2,
76,3/10/2025,574,SKBBL,Sana Kisan Bikas Laghubitta Bittiya Sanstha Limited,826,851,826,831.2,16926,14148303.9,842,1105,789,2025-03-10T14:59:36.219339,831.2,113,835.89,
77,3/10/2025,591,SHPC,Sanima Mai Hydropower Ltd.,490,496.9,478,478.1,156133,75715374,490,680,316,2025-03-10T14:59:42.192782,478.1,598,484.94,
78,3/10/2025,593,KMCDB,Kalika Laghubitta Bittiya Sanstha Ltd,1120,1149.8,1095,1100,4930,5479152.7,1136,1285,710,2025-03-10T14:59:42.900005,1100,125,1111.39,
79,3/10/2025,601,MLBBL,Mithila LaghuBitta Bittiya Sanstha Limited,1640,1779,1640,1677,5131,8569027.3,1671,1960,823.2,2025-03-10T14:59:54.197006,1677,92,1670.05,
80,3/10/2025,634,RBCLPO,Rastriya Beema Company Limited Promoter Share,11787,11787.9,11561,11735,60,703938,11557,16270,9893.1,2025-03-10T14:39:18.473423,11735,4,11732.3,
81,3/10/2025,686,BARUN,Barun Hydropower Co. Ltd.,544,550,534,540,233563,126819596.4,544,550,211,2025-03-10T14:59:55.323418,540,805,542.97,
82,3/10/2025,687,VLBS,Vijaya laghubitta Bittiya Sanstha Ltd.,896.1,900,880,898,4375,3886611.3,900,1174,631,2025-03-10T14:59:56.223036,898,63,888.36,
83,3/10/2025,693,HLBSL,Himalayan Laghubitta Bittiya Sanstha Limited,1055.7,1055.7,1020,1020,6402,6591083,1035,1447,608,2025-03-10T14:59:42.268101,1020,80,1029.53,
84,3/10/2025,697,API,Api Power Company Ltd.,293.1,295.9,284,286,151815,43774970.4,291,390,162,2025-03-10T14:59:55.325928,286,809,288.34,
85,3/10/2025,700,HEIP,Himalayan Everest Insurance Limited Promoter,378,388.6,378,388,22610,8755789.9,381,563,327,2025-03-10T14:59:39.339615,388,50,387.25,
86,3/10/2025,704,NMBMF,NMB  Microfinance Bittiya Sanstha Ltd.,759.7,773,757.1,762.9,2854,2179349.6,768.8,918,537,2025-03-10T14:59:25.991946,762.9,40,763.61,
87,3/10/2025,705,GILB,Global IME Laghubitta Bittiya Sanstha Ltd.,1260.3,1325,1260.3,1275.1,4406,5650561.3,1286,1815,835,2025-03-10T14:59:47.430799,1275.1,59,1282.46,
88,3/10/2025,397,ADBL,Agricultural Development Bank Limited,297,300,294.2,294.2,30724,9095409.5,297,428.4,220.5,2025-03-10T14:59:58.877134,294.2,227,296.03,
89,3/10/2025,403,SJLIC,SuryaJyoti Life Insurance Company Limited,458.3,467,458.3,462.7,29818,13758684.3,462,644,395.1,2025-03-10T14:59:59.937583,462.7,344,461.42,
90,3/10/2025,417,GBBL,Garima Bikas Bank Limited,411,413,407,411.7,50413,20648399.8,409.9,531.4,350.1,2025-03-10T14:59:59.887289,411.7,179,409.58,
91,3/10/2025,418,JBBL,Jyoti Bikas Bank Limited,364,366,358,358,52597,18965086.1,360.7,445,275,2025-03-10T14:59:21.907094,358,238,360.57,
92,3/10/2025,450,CORBL,Corporate Development Bank Limited,1936.5,2009,1913.5,1953.9,6542,12902196.8,1976,2842.3,405,2025-03-10T14:59:58.742333,1953.9,105,1972.2,
93,3/10/2025,471,MPFL,Multipurpose Finance Company  Limited,688.5,702.2,674,677,13697,9308630.7,675,936.9,356.1,2025-03-10T14:59:48.677237,677,115,679.61,
94,3/10/2025,472,SADBL,Shangrila Development Bank Ltd.,432,432,418,421,58305,24592004.8,423.8,497,287.3,2025-03-10T14:59:46.241905,421,153,421.78,
95,3/10/2025,490,FMDBL,First Micro Finance Laghubitta Bittiya Sanstha Limited,810,852.7,802,807,172495,140503939.7,820,1004,593.2,2025-03-10T14:59:59.164503,807,428,814.53,
96,3/10/2025,517,NBL,Nepal Bank Limited,256.5,263.8,256.5,258,37093,9582191.1,260,337.5,195.1,2025-03-10T14:59:44.999967,258,213,258.32,
97,3/10/2025,545,SLBBL,Swarojgar Laghubitta Bittiya Sanstha Ltd.,990.2,1003,990,990,12443,12359968.8,997,1250,633,2025-03-10T14:57:25.694688,990,114,993.32,
98,3/10/2025,583,GBLBS,Grameen Bikas Laghubitta Bittiya Sanstha Ltd.,879.9,879.9,858,860,14604,12631947,864,987,577,2025-03-10T14:59:54.31015,860,116,864.96,
99,3/10/2025,587,RLFL,Reliance Finance Ltd.,575.9,585,565.2,570,44039,25233151.1,565,838,349.4,2025-03-10T14:59:59.138172,570,304,572.97,
100,3/10/2025,610,RIDI,Ridi Power Company Limited,232,239.9,230.5,234.6,110475,25773810.1,236,311,154.5,2025-03-10T14:59:31.246656,234.6,355,233.29,
101,3/10/2025,618,LLBS,Laxmi Laghubitta Bittiya Sanstha Ltd.,1156,1190,1146,1164.9,4062,4726379.6,1179,1428,799,2025-03-10T14:59:13.948707,1164.9,42,1163.55,
102,3/10/2025,694,MATRI,Matribhumi Lagubitta Bittiya Sanstha Limited,1293.6,1320,1276.7,1296,1815,2338270.7,1319.9,1716,820,2025-03-10T14:59:24.422981,1296,53,1288.3,
103,3/10/2025,695,JSLBB,Janautthan Samudayic Laghubitta Bittya Sanstha Limited,1577,1608.5,1560,1595.5,1038,1631758,1599,1860.4,922.9,2025-03-10T14:59:58.260161,1595.5,34,1572.02,
104,3/10/2025,2742,HIDCL,Hydorelectricity Investment and Development Company Ltd,274,285,272,274,237950,65950859.7,279,360,158.1,2025-03-10T14:59:57.103868,274,821,277.16,
105,3/10/2025,2743,NGPL,Ngadi Group Power Ltd.,284.3,291,283,284.6,199677,57345942.6,283,571,250,2025-03-10T14:59:54.770821,284.6,408,287.19,
106,3/10/2025,2746,NMFBS,National Laghubitta Bittiya Sanstha Limited,1310,1325,1287.2,1291.7,7703,10032493.8,1311,1727,1080,2025-03-10T14:59:32.559784,1291.7,101,1302.41,
107,3/10/2025,2748,RSDC,RSDC Laghubitta Bittiya Sanstha Ltd.,718,718,700,702,6842,4822413.4,708,890,562.2,2025-03-10T14:59:12.728965,702,63,704.82,
108,3/10/2025,2751,KKHC,Khanikhola Hydropower Co. Ltd.,382,382,370,374.8,23934,8923080.2,375,475,209,2025-03-10T14:59:58.88814,374.8,148,372.82,
109,3/10/2025,2760,UMHL,United Modi Hydropower Ltd.,443,449,426,429,374756,163320812.4,435,449,223.1,2025-03-10T14:59:58.2559,429,1135,435.8,
110,3/10/2025,2766,CHL,Chhyangdi Hydropower Ltd.,540,540,513.1,520.5,25317,13168240.6,531,599.7,283.2,2025-03-10T14:59:57.985785,520.5,190,520.13,
111,3/10/2025,2770,SEF,Siddhartha Equity Fund,10.08,10.08,9.76,9.8,71651,708792.78,9.9,10.49,7.42,2025-03-10T14:45:07.26347,9.8,9,9.89,
112,3/10/2025,2781,WNLB,Wean Nepal Laghubitta Bittiya Sanstha Limited,3289.5,3500,3226,3500,5304,18153618.2,3225,4271,886,2025-03-10T14:59:56.46108,3500,177,3422.62,
113,3/10/2025,2784,NADEP,Nadep Laghubittiya bittya Sanstha Ltd.,935,969,903,930.1,4341,4030331.4,950,1190,574,2025-03-10T14:56:22.90108,930.1,75,928.43,
114,3/10/2025,2788,AKJCL,Ankhu Khola Jalvidhyut Company Ltd,214.6,218.4,210.9,214,249996,53517680.8,214.4,274.9,150.9,2025-03-10T14:59:59.326835,214,785,214.07,
115,3/10/2025,2789,JOSHI,Joshi Hydropower Development Company Ltd,401,411.1,401,403,35940,14586073.4,405.3,521.6,265,2025-03-10T14:59:59.690993,403,254,405.84,
116,3/10/2025,706,SWMF,Suryodaya Womi Laghubitta Bittiya Sanstha Limited,780,790,765,779,6552,5091170.2,782,1214.8,700,2025-03-10T14:59:44.097666,779,87,777.04,
117,3/10/2025,1741,MERO,Mero Microfinance Bittiya Sanstha Ltd.,772,779.8,765.7,766.1,8040,6182734.3,777.9,980,563.2,2025-03-10T14:59:56.559444,766.1,101,768.99,
118,3/10/2025,2744,GRDBL,Green Development Bank Ltd.,1340,1390,1340,1387.7,28040,38186412.9,1353,2001.4,358,2025-03-10T14:59:56.550238,1387.7,205,1361.85,
119,3/10/2025,2754,DHPL,Dibyashwori Hydropower Ltd.,392.1,408,392,398,47350,18973962.2,398.6,427,185.3,2025-03-10T14:59:56.708624,398,304,400.71,
120,3/10/2025,2757,AKPL,Arun Kabeli Power Ltd.,240,243.5,235.5,235.5,152823,36425467,239.8,326,157.2,2025-03-10T14:59:56.093995,235.5,471,238.35,
121,3/10/2025,2758,FOWAD,Forward Microfinance Laghubitta Bittiya Sanstha Limited,1232,1256,1232,1238.6,3188,3970467.7,1251,1739,1048.6,2025-03-10T14:59:16.985316,1238.6,57,1245.44,
122,3/10/2025,2759,SPDL,Synergy Power Development Ltd.,348,352,340.7,343,58814,20289858.9,346,389,220.2,2025-03-10T14:59:41.211032,343,239,344.98,
123,3/10/2025,2761,SMATA,Samata Gharelu Laghubitta Bittiya Sanstha Limited,867.2,910,860,866.1,5009,4381545.4,866.1,1271,620,2025-03-10T14:59:53.824014,866.1,140,874.73,
124,3/10/2025,2767,HPPL,Himalayan Power Partner Ltd.,627,627,600,615,138274,84036606,615,665,244,2025-03-10T14:59:59.15901,615,368,607.75,
125,3/10/2025,2768,MSLB,Mahuli Laghubitta Bittiya Sanstha Limited,1390.1,1410,1373.1,1388,4023,5589539,1392,1851,892,2025-03-10T14:59:34.18173,1388,229,1389.39,
126,3/10/2025,2769,NHDL,Nepal Hydro Developers Ltd.,880,900,870,871.1,10601,9332573.8,889,1002.6,408,2025-03-10T14:59:58.142967,871.1,101,880.34,
127,3/10/2025,2771,SMB,Support Microfinance Bittiya Sanstha Ltd.,2731,2800,2729,2770,2668,7390381,2777.1,4026.2,1069,2025-03-10T14:59:52.597832,2770,72,2770,
128,3/10/2025,2774,USLB,Unnati Sahakarya Laghubitta Bittiya Sanstha Limited,1846,1960,1796,1847,10060,18526722.8,1882.9,2363.3,1320,2025-03-10T14:59:59.373373,1847,182,1841.62,
129,3/10/2025,2776,RADHI,Radhi Bidyut Company Ltd,398,416,398,398.4,61805,24835227.1,402.9,477,223.2,2025-03-10T14:59:48.109244,398.4,232,401.83,
130,3/10/2025,2786,PMHPL,Panchakanya Mai Hydropower Ltd,311,338.2,311,313,14417,4537107.7,313,348.8,214.2,2025-03-10T14:59:57.878633,313,98,314.7,
131,3/10/2025,2787,KPCL,Kalika power Company Ltd,574,581,550,554,30523,17167917,565.9,652.4,380.2,2025-03-10T14:59:30.524175,554,170,562.45,
132,3/10/2025,2790,ACLBSL,Aarambha Chautari Laghubitta Bittiya Sanstha Limited,1145,1169,1140,1140,2786,3191680.6,1149,1491,628.1,2025-03-10T14:58:03.014546,1140,63,1145.61,
133,3/10/2025,2792,UPPER,Upper Tamakoshi Hydropower Ltd,206.1,211.6,205.1,206,182212,37854558.5,207.8,295,152.1,2025-03-10T14:59:58.95185,206,750,207.75,
134,3/10/2025,2807,ALBSL,Asha Laghubitta Bittiya Sanstha Ltd,883,899,876,890,3943,3487078,882.1,1177,661,2025-03-10T14:59:08.332937,890,100,884.37,
135,3/10/2025,2811,MHNL,Mountain Hydro Nepal Limited,290,296,275.5,280,36477,10294542.3,286,379,215.7,2025-03-10T14:59:58.962352,280,177,282.22,
136,3/10/2025,2825,NICAD85/86,10% NIC Asia Debenture 2085/86,1070.3,1070.3,1070.3,1070.3,25,26757.5,1083,1175,1000,2025-03-10T14:56:37.588547,1070.3,1,1070.3,
137,3/10/2025,2828,SAND2085,10% Sanima Bank Limited Debenture,1078,1078,1078,1075.5,25,26937.5,1078,1256.6,1028,2025-03-10T11:35:18.10163,1075.5,2,1077.5,
138,3/10/2025,2831,UNHPL,Union Hydropower Limited,345,345,335.3,337,56483,19134324.6,340,371,212.6,2025-03-10T14:59:59.320232,337,286,338.76,
139,3/10/2025,2835,NBF2,NABIL BALANCED FUND-2,9.5,9.6,9.5,9.58,13419,128434.98,9.6,10.63,7.65,2025-03-10T14:52:46.435782,9.58,12,9.57,
140,3/10/2025,2841,RHPL,RASUWAGADHI HYDROPOWER COMPANY LIMITED,411.7,417,406.2,408,68438,28114856.2,410.8,527,260.3,2025-03-10T14:59:34.38341,408,316,410.8,
141,3/10/2025,2842,SJCL,SANJEN JALAVIDHYUT COMPANY LIMITED,356.8,356.8,344,350,30694,10665762.1,364,442,256,2025-03-10T14:59:58.199575,350,225,347.48,
142,3/10/2025,2860,SAPDBL,Saptakoshi Development Bank Ltd,1273.8,1293.3,1210.4,1269,115109,145173560.8,1248.9,1622.7,260,2025-03-10T14:59:59.713082,1269,822,1261.18,
143,3/10/2025,2867,NMB50,NMB 50,10.35,10.45,10.13,10.33,19900,206082.5,10.35,12.54,8.95,2025-03-10T14:42:24.331865,10.33,16,10.35,
144,3/10/2025,2869,NICAD8283,11% NIC Asia Debenture 082/83,1145,1145,1130,1130,29,32843.9,1145,1262.7,1032.5,2025-03-10T14:07:49.353234,1130,3,1132.54,
145,3/10/2025,2877,SFMF,Sunrise First Mutual Fund,10.2,10.25,10.2,10.2,6720,68635,10.2,11.99,9.22,2025-03-10T13:55:43.445588,10.2,5,10.21,
146,3/10/2025,2879,LBLD86,10% Laxmi Bank Debenture 2086,1080.1,1080.1,1080,1080,75,81005,1075.2,1135,985.4,2025-03-10T14:44:07.478831,1080,3,1080.06,
147,3/10/2025,2881,NRIC,Nepal Reinsurance Company Limited,1304,1320,1285,1300,563913,735090929.8,1304,1389.9,630.1,2025-03-10T14:59:58.27197,1300,1805,1303.55,
148,3/10/2025,2887,NICLBSL,NIC ASIA Laghubitta Bittiya Sanstha Limited,691,695,675,679,9167,6279408.2,690,907,572,2025-03-10T14:59:59.949336,679,163,685,
149,3/10/2025,2890,SBIBD86,10% Nepal SBI Bank Debenture 2086,1077.2,1077.2,1070,1070,225,241181.5,1078.1,1154.9,1000,2025-03-10T14:57:32.304649,1070,9,1071.91,
150,3/10/2025,2903,LEC,Liberty Energy Company Limited,225,225,214,216.5,207088,45398019,222,344,175.1,2025-03-10T14:59:57.832469,216.5,609,219.22,
151,3/10/2025,2907,SSHL,Shiva Shree Hydropower Ltd,249.9,256.9,243,244,105491,26043537,247,281.1,154,2025-03-10T14:59:56.633183,244,385,246.87,
152,3/10/2025,2908,SGIC,Sanima GIC Insurance Limited,693.1,712,687,688,24496,16954829.8,693,817.1,508.1,2025-03-10T14:59:59.177115,688,254,692.14,
153,3/10/2025,2913,MEN,Mountain Energy Nepal Limited,599.3,605,595.1,595.1,29843,17887539.7,601,809.5,498.1,2025-03-10T14:59:58.305733,595.1,221,599.38,
154,3/10/2025,2914,UMRH,United IDI Mardi RB Hydropower Limited.,683,683,654,666,40620,27110630.4,670,790,325,2025-03-10T14:59:59.463708,666,256,667.42,
155,3/10/2025,2915,PMLI,Prabhu Mahalaxmi Life Insurance Limited,613.1,622,603,611,41650,25417804,610.6,732.2,473,2025-03-10T14:59:58.277118,611,413,610.27,
156,3/10/2025,2919,NIFRA,Nepal Infrastructure Bank Limited,277,287,276,277,315976,88582246.4,281.9,366.6,188.1,2025-03-10T14:59:57.827996,277,1123,280.34,
157,3/10/2025,2923,SLCF,Sanima Large Cap Fund,9.28,9.47,9.28,9.47,4420,41437.4,9.45,10.6,7.4,2025-03-10T14:53:33.100548,9.47,14,9.37,
158,3/10/2025,2924,GLH,GreenLife Hydropower Limited,266.2,268,255.2,256,86288,22367558.4,264.9,336,196,2025-03-10T14:59:59.179296,256,421,259.21,
159,3/10/2025,2925,MLBSL,Mahila Lagubitta Bittiya Sanstha Limited ,2360,2377,2300,2301,2294,5329904.9,2369,2648.7,1617,2025-03-10T14:59:56.573341,2301,67,2323.41,
160,3/10/2025,2932,MFLD85,9.5% Manjushree Finance Limited Debenture 2085,1063,1063,1062,1062,379,402677,1062,1102,948.8,2025-03-10T14:57:32.93084,1062,6,1062.47,
161,3/10/2025,2933,KEF,Kumari Equity Fund,8.85,9,8.82,8.82,16025,141926.25,8.85,10.76,7.79,2025-03-10T14:49:39.361617,8.82,24,8.85,
162,3/10/2025,2934,SHEL,Singati Hydro Energy Limited,268,272.3,260.1,260.2,280901,74192681,268,334.4,143.1,2025-03-10T14:59:59.206759,260.2,861,264.12,
163,3/10/2025,2935,RURU,Ru Ru Jalbidhyut Pariyojana Limited,805,811,780,785,33678,26720996.9,800,926.8,484.9,2025-03-10T14:59:59.822507,785,342,793.42,
164,3/10/2025,3946,CHDC,CEDB Holdings Limited,2344,2389,2311,2330,75612,177305268.3,2344,2477.4,627,2025-03-10T14:59:57.719621,2330,687,2344.93,
165,3/10/2025,4947,PSF,Prabhu Select Fund,10.01,10.2,10.01,10.1,53500,545294,9.98,11.1,8.34,2025-03-10T14:58:35.945305,10.1,31,10.19,
166,3/10/2025,4959,NBLD87,8.5% Nepal Bank Debenture 2087,1026,1026,1026,1026,25,25650,1025,1073,900,2025-03-10T12:39:59.917653,1026,1,1026,
167,3/10/2025,4961,BOKD86,8.5% BOK Debenture 2086,1025,1025,1025,1025.1,10,10251,1025,1080,901.2,2025-03-10T12:20:29.162094,1025.1,2,1025.1,
168,3/10/2025,4965,SAMAJ,Samaj Laghubittya Bittiya Sanstha Limited,2750,2808,2689.4,2690,2477,6768594.4,2750,4181,1734.1,2025-03-10T14:59:41.747888,2690,101,2732.57,
169,3/10/2025,4967,NICSF,NIC Asia Select Fund 30,9.29,9.3,9.05,9.11,14255,129883.05,9.15,11.45,8.31,2025-03-10T14:57:55.093407,9.11,25,9.11,
170,3/10/2025,4968,RMF1,RBB Mutual Fund 1,8.65,8.8,8.65,8.7,22800,198776,8.8,10.19,7.46,2025-03-10T14:41:40.44852,8.7,16,8.71,
171,3/10/2025,7986,NICD88,NIC ASIA Rinpatra 2088,1030,1030,1030,1030,200,206000,1020,1083,935,2025-03-10T13:40:05.724371,1030,2,1030,
172,3/10/2025,8018,MLBS,Manushi Laghubitta Bittiya Sanstha Limited,1920,1968,1916,1934,1874,3622129.5,1930,2530,745,2025-03-10T14:51:59.612142,1934,44,1932.83,
173,3/10/2025,8021,SAHAS,Sahas Urja Limited,512,522,508.6,510,141104,72157813.9,512,725,409.5,2025-03-10T14:59:56.335126,510,802,511.38,
174,3/10/2025,8022,TPC,Terhathum Power Company Limited,596,596,575,589.9,24662,14430308,585,671.6,410,2025-03-10T14:59:48.293397,589.9,174,585.12,
175,3/10/2025,8023,MMF1,Mega Mutual Fund -1,8.45,8.7,8.45,8.57,32049,274909.38,8.6,9.72,6.53,2025-03-10T14:56:52.589586,8.57,40,8.57,
176,3/10/2025,8025,SPC,Samling Power Company Limited,599,611,585,588,44950,26779067.4,601.2,722,464,2025-03-10T14:59:58.657204,588,308,595.75,
177,3/10/2025,8031,MBJC,Madhya Bhotekoshi Jalavidyut Company Limited,340,346.5,335,337,73743,24928541.9,340,433,279.3,2025-03-10T14:59:41.24293,337,657,338.04,
178,3/10/2025,8032,BNHC,Buddha Bhumi Nepal Hydropower Company Limited,555,564,541,541.7,21488,11847496.8,553.5,742,422,2025-03-10T14:59:45.982855,541.7,213,551.35,
179,3/10/2025,8041,NESDO,NESDO Sambridha Laghubitta Bittiya Sanstha Limited,2212.1,2436,2180,2436,2964,6569653.2,2215,2641,1641,2025-03-10T14:59:44.972919,2436,103,2216.48,
180,3/10/2025,8044,EBLD86,Everest Bank Limited,1022.5,1022.5,1022.5,1022.5,32,32720,1020,1080,884.2,2025-03-10T14:54:47.341302,1022.5,2,1022.5,
181,3/10/2025,8045,GVL,Green Ventures Limited,530,530,505,505,12315,6287851,520,699.9,402.4,2025-03-10T14:59:45.26484,505,185,510.58,
182,3/10/2025,8065,CYCL,CYC Nepal Laghubitta Bittiya Sanstha Limited,1680,1739,1680,1699,4802,8143443.4,1706,1958,1282.2,2025-03-10T14:59:49.483289,1699,118,1695.84,
183,3/10/2025,8066,RFPL,River Falls Power Limited,801,830,801,807,22497,18221250.1,817,1484,322.9,2025-03-10T14:59:57.163874,807,283,809.94,
184,3/10/2025,8073,NICFC,NIC Asia Flexi CAP Fund,9.03,9.1,9.03,9.09,5150,46722,9.1,10.99,8.13,2025-03-10T14:56:38.744736,9.09,27,9.07,
185,3/10/2025,8075,BHDC,Bindhyabasini Hydropower Development Company Limited,640,662,640,640,7916,5125157.7,651,829.7,443,2025-03-10T14:59:55.327649,640,106,647.44,
186,3/10/2025,8097,PBD88,10% Prime Debenture 2088,1092,1092,1092,1092,25,27300,1095,1219.7,999,2025-03-10T11:35:16.089526,1092,1,1092,
187,3/10/2025,8099,UHEWA,Upper Hewakhola Hydropower Company Limited,860,877.2,846.2,846.2,3301,2828858.6,844,993.4,338.2,2025-03-10T14:59:59.670432,846.2,100,856.97,
188,3/10/2025,8100,SGHC,Swet-Ganga Hydropower & Construction Limited ,545,546.7,517,528,23718,12478161.5,537,649.5,300.5,2025-03-10T14:59:58.195341,528,211,526.1,
189,3/10/2025,8106,GIBF1,Global IME Balanced Fund-1,9.79,9.83,9.73,9.83,1150,11262.5,9.79,10.72,7.92,2025-03-10T14:57:29.153976,9.83,9,9.79,
190,3/10/2025,8108,RHGCL,Rapti Hydro And General Construction Limited,620,682,613.5,617.9,30921,19337653.2,630,708,286,2025-03-10T14:59:57.874154,617.9,202,625.38,
191,3/10/2025,8111,HIDCLP,Hydorelectricity Investment and Development Company Limited Promoter,186.6,186.6,178.9,180,432011,77993128.4,183,212,97.2,2025-03-10T14:59:39.313136,180,574,180.53,
192,3/10/2025,8116,PBD84,10.15% Prime Debenture 2084,1070,1070,1066,1066,100,106660,1064.5,1123,1000,2025-03-10T13:45:40.586193,1066,2,1066.6,
193,3/10/2025,8119,EBLD85,10.50% Everest Bank Limited Debenture 2085,1117.4,1117.4,1117.4,1117.4,25,27935,1121.4,1178,1010,2025-03-10T12:31:30.052079,1117.4,1,1117.4,
194,3/10/2025,8123,DLBS,Dhaulagiri Laghubitta Bittiya Sanstha Limited,1650,1690,1650,1653.1,2193,3662231.7,1626,2250,903.5,2025-03-10T14:59:49.588793,1653.1,67,1669.96,
195,3/10/2025,8125,NSIF2,NMB Sulav Investment Fund - 2,10.19,10.42,10.19,10.42,2317,23710.74,10.37,12.47,8.65,2025-03-10T14:58:16.3844,10.42,13,10.23,
196,3/10/2025,8126,SIKLES,Sikles Hydropower Limited,1300,1300,1190,1220,11174,13648441.6,1296,1475,455,2025-03-10T14:59:58.365865,1220,155,1221.44,
197,3/10/2025,8133,PHCL,Peoples Hydropower Company Limited,651.6,651.6,620.1,624,39537,24906214.5,638.9,745.6,275.1,2025-03-10T14:59:59.31992,624,343,629.94,
198,3/10/2025,9139,SAGF,Sanima Growth Fund,9.55,9.55,9.37,9.37,1200,11298,9.55,10.93,8.37,2025-03-10T14:21:36.210173,9.37,5,9.41,
199,3/10/2025,9146,SMHL,Super Madi Hydropower Limited,991,1018.9,975.2,1007,15144,15117385.3,999,1657,421.5,2025-03-10T14:59:59.358366,1007,241,998.24,
200,3/10/2025,9148,SMH,Super Mai Hydropower Limited,1002.5,1080,1002.5,1011,2256,2287771,1021.5,1283,640,2025-03-10T14:59:27.692321,1011,49,1014.08,
201,3/10/2025,9151,KDL,Kalinchowk Darshan Limited,1190,1233.1,1180,1180,4504,5390315.2,1210,1381,752.1,2025-03-10T14:59:58.189186,1180,110,1196.78,
202,3/10/2025,2804,SLBSL,Samudayik Laghubitta Bittiya Sanstha Limited,2331.5,2573.8,2275,2336.9,4956,11531199.3,2379,3047,804,2025-03-10T14:59:58.602242,2336.9,145,2326.71,
203,3/10/2025,2806,GHL,Ghalemdi Hydro Limited,299,304.9,275,293.7,1163855,334738343.8,299,308.9,141,2025-03-10T14:59:59.977354,293.7,2595,287.61,
204,3/10/2025,2809,SHIVM,SHIVAM CEMENTS LTD,550,558.9,540.2,543.9,92986,50898718.2,550,779.9,470.5,2025-03-10T14:59:59.844479,543.9,593,547.38,
205,3/10/2025,2810,UPCL,UNIVERSAL POWER COMPANY LTD,311,317,308,311,212208,66260785.6,312,345,183,2025-03-10T14:59:57.972284,311,563,312.24,
206,3/10/2025,2813,PPCL,Panchthar Power Compant Limited,326,330.6,320,325,36780,11915751.8,326,367.2,220,2025-03-10T14:59:38.829126,325,91,323.97,
207,3/10/2025,2815,GMFBS,Ganapati Laghubitta Bittiya Sanstha Limited,1750,1793.5,1750,1768,1719,3033269,1785,2327,870,2025-03-10T14:59:56.091374,1768,47,1764.55,
208,3/10/2025,2824,HURJA,Himalaya Urja Bikas Company Limited,256.3,256.3,247.3,249.5,146041,36733319.5,252.3,333.9,183.6,2025-03-10T14:59:38.087384,249.5,396,251.52,
209,3/10/2025,2826,GLBSL,Gurans Laghubitta Bittiya Sanstha Limited,3092,3150,3001,3020,4357,13379466.7,3032.1,3486,996,2025-03-10T14:59:59.869256,3020,135,3070.79,
210,3/10/2025,2829,SMFBS,Swabhimaan Laghubitta Bittiya Sanstha Limited,1939,1958.4,1904,1958.4,1639,3143410.2,1901,2426.4,907,2025-03-10T14:53:32.799857,1958.4,59,1917.88,
211,3/10/2025,2832,ILBS,Infinity Laghubitta Bittiya Sanstha Limited,1070,1070,1015,1033.9,17010,17855335,1050,1492,725.5,2025-03-10T14:59:53.541305,1033.9,120,1049.69,
212,3/10/2025,2850,NMBD2085,10 % NMB DEBENTURE 2085,1077.1,1077.1,1076,1076,75,80747,1078,1135,999,2025-03-10T14:46:23.39928,1076,4,1076.62,
213,3/10/2025,2862,CMF2,CITIZENS MUTUAL FUND 2,9.5,9.5,9.5,9.5,600,5700,9.6,10.68,7.65,2025-03-10T14:49:46.709694,9.5,2,9.5,
214,3/10/2025,2878,SRBLD83,10.25% Sunrise Bank Debenture 2083,1043.5,1043.5,1037.3,1037.3,100,103962.5,1050,1152.6,1005.1,2025-03-10T11:14:53.37097,1037.3,5,1039.62,
215,3/10/2025,2880,HDHPC,Himal Dolakha Hydropower Company Limited,211,212.9,206.5,207,157042,32866318.5,209,273,123.3,2025-03-10T14:59:56.28893,207,590,209.28,
216,3/10/2025,2882,ICFCD83,12% ICFC Finance Limited Debenture 2083,1200,1200,1195,1195,650,778750,1205,1325,1112,2025-03-10T14:11:33.144073,1195,3,1198.07,
217,3/10/2025,2885,KBLD86,10.25% KBL Debenture 2086,1105,1105,1105,1105,125,138125,1120,1257.4,1008,2025-03-10T14:39:20.892609,1105,1,1105,
218,3/10/2025,2889,CIZBD86,10.25% Citizens Bank Debenture 2086,1100.1,1114,1100.1,1114,125,138902.5,1114.8,1147.2,1000.3,2025-03-10T13:39:11.28997,1114,3,1111.22,
219,3/10/2025,2896,SMPDA,Sampada Laghubitta Bittiya Sanstha Limited,950,970,945.1,950,4630,4407763.9,957.9,1470.8,639,2025-03-10T14:59:59.376403,950,83,952,
220,3/10/2025,2898,NRN,NRN Infrastructure and Development Limited,1489,1495,1425,1438.9,199400,290215769.8,1475,1651.3,478.3,2025-03-10T14:59:47.215994,1438.9,1030,1455.44,
221,3/10/2025,2902,LUK,Laxmi Unnati Kosh,9.6,9.61,9.6,9.61,600,5761,9.68,10.22,7.98,2025-03-10T14:40:49.055724,9.61,5,9.6,
222,3/10/2025,2904,PBLD84,10% Prabhu Bank Debenture 2084 ,1075,1075,1075,1075,250,268750,1075,1130,997,2025-03-10T12:46:34.456923,1075,3,1075,
223,3/10/2025,2917,CGH,Chandragiri Hills Limited,900,910,890.1,898,24762,22271079.9,897,1360,760,2025-03-10T14:59:42.548214,898,279,899.4,
224,3/10/2025,2937,SBCF,Sunrise Bluechip Fund,9.14,9.33,9.14,9.2,35260,325145,9.22,10.04,7.34,2025-03-10T14:58:50.977824,9.2,24,9.22,
225,3/10/2025,4948,KSBBLD87,9% Kamana Sewa Bikas Bank Limited Debenture 2087,1045,1045,1045,1045,200,209000,1065,1102.6,906.2,2025-03-10T14:55:58.548912,1045,2,1045,
226,3/10/2025,4949,NIBSF2,NIBL Samriddhi Fund -2,8.33,8.49,8.3,8.3,99700,831459.54,8.5,9.6,7.26,2025-03-10T14:50:32.619668,8.3,43,8.33,
227,3/10/2025,4951,JBLB,Jeevan Bikas Laghubitta  Bittya Sanstha Ltd,1381.2,1400,1381,1382,3618,5018662.1,1390,1920,1269.1,2025-03-10T14:57:44.101979,1382,135,1387.13,
228,3/10/2025,4962,PBLD87,8.5% Prabhu Bank Debenture 2087,1022.1,1022.1,1022.1,1022.1,25,25552.5,1030,1080,900.8,2025-03-10T14:04:42.695854,1022.1,1,1022.1,
229,3/10/2025,5982,SRLI,Sanima Reliance Life Insurance Limited,445.6,445.6,427.3,428,87177,37598154.7,436.94,654,415,2025-03-10T14:59:55.082303,428,725,431.28,
230,3/10/2025,6984,PBD85,8.75 % Prime Debenture 2085,1035,1035,1035,1035,150,155250,1035,1080,903.2,2025-03-10T14:34:41.604964,1035,4,1035,
231,3/10/2025,9156,TAMOR,Sanima Middle Tamor Hydropower Limited,560.1,566,556,560,36406,20419810.5,563,637,348,2025-03-10T14:59:58.804659,560,488,560.89,
232,3/10/2025,9158,MHCL,Molung Hydropower Company Limited,599,600,570,575,37346,21791622.2,592,655,355,2025-03-10T14:59:57.185854,575,324,583.5,
233,3/10/2025,9159,SMJC,Sagarmatha Jalabidhyut Company Limited,650.9,711.9,650.9,677.9,216084,147554060.2,664,800,343.6,2025-03-10T14:59:57.838851,677.9,1049,682.85,
234,3/10/2025,9166,MAKAR,Makar Jitumaya Suri Hydropower Limited,778.1,785,770,775,9881,7687154,790,860,342,2025-03-10T14:59:59.610355,775,124,777.97,
235,3/10/2025,9167,MKHL,Mai Khola Hydropower Limited,705,710,702,703,26123,18456544.4,700.1,765,356.4,2025-03-10T14:59:53.215259,703,193,706.52,
236,3/10/2025,9170,DOLTI,Dolti Power Company Limited,763,763,723.2,736,12790,9416915.4,749,1017,366,2025-03-10T14:59:11.31615,736,152,736.27,
237,3/10/2025,9171,BEDC,Bhugol Energy Development Company Limited,834.2,867,804,820,85540,70639866.2,817.9,1080,337.2,2025-03-10T14:59:59.7491,820,706,825.81,
238,3/10/2025,9173,CITY,City Hotel Limited,912.9,912.9,880.1,880.2,10862,9703226.9,895.3,1168.5,562,2025-03-10T14:59:15.695676,880.2,173,893.31,
239,3/10/2025,9174,PRSF,Prabhu Smart Fund,10.07,10.45,10.07,10.45,3900,39945.7,10.25,11.3,8.21,2025-03-10T13:41:10.471775,10.45,14,10.24,
240,3/10/2025,9176,IHL,Ingwa Hydropower Limited,747,749.9,715,729,9808,7070080.6,739,838,345,2025-03-10T14:59:37.979583,729,136,720.84,
241,3/10/2025,9178,RMF2,RBB Mutual Fund 2,9.02,9.1,9.02,9.02,600,5436,9.1,10.73,7.91,2025-03-10T14:31:11.236132,9.02,4,9.06,
242,3/10/2025,9179,MEL,Modi Energy Limited,338.6,354.9,330,339.7,111916,37691998,342.9,393,211.3,2025-03-10T14:59:57.107009,339.7,561,336.78,
243,3/10/2025,9181,RAWA,Rawa Energy Development Limited,875,917.7,870.1,899.5,8874,7926035.1,885,990,452.2,2025-03-10T14:59:03.079119,899.5,84,893.17,
244,3/10/2025,9182,SIGS3,Siddhartha Investment Growth Scheme 3,9.82,10,9.68,9.81,1600,15773,9.82,10.81,7.86,2025-03-10T14:56:41.825449,9.81,10,9.85,
245,3/10/2025,9183,NRM,Nepal Republic Media Limited,505.7,534.9,505.7,526,78376,41289139.2,516,645,338.1,2025-03-10T14:59:58.902356,526,634,526.8,
246,3/10/2025,9196,KBSH,Kutheli Bukhari Small Hydropower Limited,2563,2580,2521,2523.1,1890,4781492.5,2516,3300,990,2025-03-10T14:40:17.235412,2523.1,27,2529.89,
247,3/10/2025,9201,SNLI,Sun Nepal Life Insurance Company Limited,708,717.8,697.1,700,46584,32942498.4,711,744.5,447.2,2025-03-10T14:59:57.977118,700,660,707.16,
248,3/10/2025,9208,ULHC,Upper Lohore Khola Hydropower Company Limited,560,574,540,541,28731,15734306.3,556,693,306.1,2025-03-10T14:59:56.411439,541,283,547.64,
249,3/10/2025,9212,MANDU,Mandu Hydropower Limited,947,965.7,936,941,10332,9777391.6,950,1493.1,666.1,2025-03-10T14:57:35.688582,941,146,946.32,
250,3/10/2025,9214,BGWT,Bhagawati Hydropower Development Company Limited,1081,1081,1039,1049.4,3097,3272207.3,1060,1361.7,577.1,2025-03-10T14:59:50.774859,1049.4,82,1056.57,
251,3/10/2025,9215,MSHL,Mid Solu Hydropower Limited,965.5,985,950,978,7800,7500413,965.9,1180,592,2025-03-10T14:59:00.754487,978,63,961.59,
252,3/10/2025,9230,MKCL,Muktinath Krishi Company Limited,1666,1679,1636,1648,12922,21290423.5,1648,1926,785,2025-03-10T14:59:44.712131,1648,212,1647.61,
253,3/10/2025,9232,CKHL,Chirkhwa Hydropower Limited ,772.1,797,772.1,777,1720,1339719,786.9,910,480.5,2025-03-10T14:59:43.481814,777,56,778.9,
254,3/10/2025,9234,HRL,Himalayan Reinsurance Limited,1050,1082,1046.7,1058.2,688501,731777970.3,1046,1156,512,2025-03-10T14:59:59.466976,1058.2,5093,1062.85,
255,3/10/2025,9246,GMLI,Guardian Micro Life Insurance Limited ,1874.8,2001.2,1770,2000,156648,304257333.9,1839.4,2001.2,301,2025-03-10T14:59:59.462177,2000,10363,1942.29,
256,3/10/2025,9248,GSY,Garima Samriddhi Yojana,9.2,9.2,9.06,9.13,10450,95392,9.3,10,8.8,2025-03-10T14:59:08.650841,9.13,60,9.12,
257,3/10/2025,9249,ICFCD88,9% ICFC Finance Limited Debenture 2088,1078,1078,1045,1046.1,325,341122,1100,1100,1000,2025-03-10T14:56:46.686237,1046.1,14,1049.6,
258,3/10/2025,6985,SDBD87,Shangri-la Development Bank Debenture 2087,1045.1,1045.5,1045.1,1045.1,125,130657.5,1045,1114,905,2025-03-10T14:38:29.313932,1045.1,3,1045.26,
259,3/10/2025,8003,RBBD83,8.5% RBBL Debenture 2083,1016.3,1030,1015,1029.8,625,640250,1020,1062,946.5,2025-03-10T14:56:47.335061,1029.8,6,1024.4,
260,3/10/2025,8005,MKJC,Mailung Khola Jal Vidhyut Company Limited,571,571,555,558.9,21765,12159006.9,564,735,402,2025-03-10T14:59:57.016817,558.9,206,558.64,
261,3/10/2025,8024,NBF3,Nabil Balanced Fund-3,9.12,9.44,9.12,9.34,36077,332471.83,9.3,10.45,7.05,2025-03-10T14:58:16.431144,9.34,45,9.21,
262,3/10/2025,8026,NYADI,Nyadi Hydropower Limited,600,610,589.5,590,39970,23713915.4,600,880,276,2025-03-10T14:59:59.459274,590,318,593.29,
263,3/10/2025,8027,NBLD85,Nabil Debenture 2085,1025,1025,1025,1025,25,25625,1020,1060,899.1,2025-03-10T13:41:03.483249,1025,1,1025,
264,3/10/2025,8033,GBBD85,Garima Debenture,2085,1030,1030,1025,1026.5,126,129389,1023,1090.3,906.2,2025-03-10T14:49:02.601738,1026.5,4,1026.89
265,3/10/2025,8034,ENL,Emerging Nepal Limited,1235,1235,1178.2,1192,4616,5523337.9,1214,1453.5,733.3,2025-03-10T14:58:00.210421,1192,80,1196.56,
266,3/10/2025,8055,BHL,Balephi Hydropower Limited,352,355,345,353.9,5286,1841021.5,351,520,312.7,2025-03-10T14:59:57.609123,353.9,107,348.28,
267,3/10/2025,8063,ULBSL,Upakar Laghubitta Bittiya Sanstha Limited,4083.7,4144,3750.3,3876,12163,46575744.1,4167,6600,1170,2025-03-10T14:59:58.598902,3876,469,3829.29,
268,3/10/2025,8068,CCBD88,Century Debenture 2088,1122.5,1122.5,1120.5,1120.5,30,33645,1140,1250,996.1,2025-03-10T11:14:09.625939,1120.5,2,1121.5,
269,3/10/2025,8070,DORDI,Dordi Khola Jal Bidyut Company Limited,401,408,393.8,397,39500,15857261.2,394,696,356.4,2025-03-10T14:59:24.975554,397,298,401.44,
270,3/10/2025,8074,KDBY,Kumari Dhanabriddhi Yojana,9.47,9.55,9.29,9.36,22450,212953,9.65,11,8.26,2025-03-10T14:59:30.415245,9.36,53,9.48,
271,3/10/2025,8076,HHL,Himalayan Hydropower Limited,551,571.9,530,557,18342,10153263.9,562,635,318,2025-03-10T14:59:56.592668,557,228,553.55,
272,3/10/2025,8098,SBLD89,10.75% SBL Debenture 2089,1146.6,1146.6,1146.6,1146.6,30,34398,1170,1247,1000,2025-03-10T12:46:32.858305,1146.6,1,1146.6,
273,3/10/2025,8102,MHL,Mandakini Hydropower Limited,812.1,812.1,794,794,2617,2097468.4,797,1101,381.1,2025-03-10T14:59:58.899576,794,96,801.47,
274,3/10/2025,8104,USHEC,Upper Solu Hydro Electric Company Limited,651,664,627.5,660,18642,11960714.4,663.9,752,344,2025-03-10T14:59:59.363203,660,177,641.6,
275,3/10/2025,8110,SBID83,10.25% Nepal SBI Bank Debenture 2083,1065,1065,1065,1065,50,53250,1057,1147.4,1008.5,2025-03-10T13:44:45.404951,1065,1,1065,
276,3/10/2025,8117,AVYAN,Aviyan Laghubitta Bittiya Sanstha Limited,1113.3,1174,1100.1,1119.9,16696,18628009.4,1136,1306.8,612,2025-03-10T14:59:58.315831,1119.9,137,1115.71,
277,3/10/2025,8121,SPHL,Sayapatri Hydropower Limited,792,816,790.3,812,3195,2561638.5,804,922,443,2025-03-10T14:59:57.652759,812,66,801.76,
278,3/10/2025,8122,PPL,People's Power Limited,554,576.3,540,550,23479,12886541.5,554,683.4,327.1,2025-03-10T14:59:52.499638,550,249,548.85,
279,3/10/2025,8131,EHPL,Eastern Hydropower Limited,840,856,828.1,839,17031,14177396.5,844.9,997,423.9,2025-03-10T14:59:56.725706,839,75,832.44,
280,3/10/2025,8132,SHLB,Shrijanshil Laghubitta Bittiya Sanstha Limited,2402,2450,2353,2358,1949,4631767.4,2356,2907,898,2025-03-10T14:58:01.913506,2358,77,2376.48,
281,3/10/2025,9135,BHPL,Barahi Hydropower Public Limited,1020,1055,1020,1036.5,17460,17956769.7,1027,1275,449,2025-03-10T14:59:58.807836,1036.5,78,1028.45,
282,3/10/2025,9137,HBLD86,Himalayan Bank Limited Bond,2086,1106,1106,1106,1106,100,110600,1111,1180.8,998,2025-03-10T12:46:02.043211,1106,1,1106
283,3/10/2025,9140,UNLB,Unique Nepal Laghubitta Bittiya Sanstha Limited,2504,2504,2425,2425,3662,8968396,2455,3223,1402.3,2025-03-10T14:59:46.786268,2425,95,2449.04,
284,3/10/2025,9147,SPL,Shuvam Power Limited,943.5,954,906,917.5,5994,5511634.7,925,1109.6,623.5,2025-03-10T14:59:13.669362,917.5,116,919.52,
285,3/10/2025,9149,MKHC,Maya Khola Hydropower Company Limited,555,586,553,570,32346,18152404.2,564,627,280,2025-03-10T14:59:58.830088,570,333,561.19,
286,3/10/2025,9150,AHL,Asian Hydropower Limited,742,768.6,735,744,8226,6151020.3,755,904,410.1,2025-03-10T14:59:40.139745,744,108,747.75,
287,3/10/2025,9154,SFEF,Sunrise Focused Equity Fund,9.19,9.26,9.19,9.26,1000,9244,9.3,10.66,7.54,2025-03-10T14:57:25.921199,9.26,5,9.24,
288,3/10/2025,9161,ANLB,Aatmanirbhar Laghubitta Bittiya Sanstha Limited,5080,5200,5001.1,5152,5637,29194484.6,5071.1,6735,1894,2025-03-10T14:59:44.440376,5152,124,5179.08,
289,3/10/2025,9175,MCHL,Menchhiyam Hydropower Limited,610,631,610,614,12207,7514805.8,619,714,319,2025-03-10T14:59:57.570354,614,125,615.61,
290,3/10/2025,9184,ILI,IME Life Insurance Company Limited,487.5,496.7,479.8,480,42667,20684450.4,487,606,412.5,2025-03-10T14:59:59.939645,480,725,484.78,
291,3/10/2025,9191,C30MF,Citizens Super 30 Mutual Fund,8.85,8.92,8.8,8.8,10100,89557,8.95,10.92,8.13,2025-03-10T14:52:30.827787,8.8,8,8.86,
292,3/10/2025,9192,USHL,Upper Syange Hydropower Limited,778,780.9,770,780.9,4568,3537580.3,779,961,450,2025-03-10T14:59:58.318102,780.9,87,774.42,
293,3/10/2025,9193,GCIL,Ghorahi Cement Industry Limited,557.4,591,555,558.7,84302,47321295.9,568.7,668,460,2025-03-10T14:59:58.294607,558.7,607,561.33,
294,3/10/2025,9194,TSHL,Three Star Hydropower Limited,864.4,892,852.1,865,6177,5341046.2,882,1231,475.4,2025-03-10T14:59:21.347701,865,96,864.66,
295,3/10/2025,9198,LVF2,Laxmi Value Fund 2,9.28,9.41,9.28,9.35,2400,22470,9.41,10.01,7.5,2025-03-10T14:48:34.387408,9.35,19,9.36,
296,3/10/2025,9199,RNLI,Reliable Nepal Life Insurance Limited,561,570.9,558.1,563,107896,60599324.6,563.1,600.1,412,2025-03-10T14:59:53.423135,563,738,561.64,
297,3/10/2025,9203,MEHL,Manakamana Engineering Hydropower Limited,594,617,588,597.6,19889,11834327.7,606,696,283.5,2025-03-10T14:59:59.30004,597.6,295,595.01,
298,3/10/2025,9209,CLI,Citizen Life Insurance Company Limited,725,727.8,719,721,110594,79748695.3,723.7,774.9,430,2025-03-10T14:59:59.081702,721,1339,721.09,
299,3/10/2025,9213,HATHY,Hathway Investment Nepal Limited,1410,1450,1400,1405,32581,46068469.7,1434,1816,808.5,2025-03-10T14:59:59.318288,1405,426,1413.96,
300,3/10/2025,9216,SONA,Sonapur Minerals And Oil Limited,486.1,506.2,486.1,487.5,69759,34504577.7,496,624,422.1,2025-03-10T14:59:56.125365,487.5,761,494.62,
301,3/10/2025,9217,MMKJL,Mathillo Mailun Khola Jalvidhyut Limited,736.9,745,700.1,715,17007,12170870.7,722.5,890.4,395,2025-03-10T14:59:58.805061,715,171,715.63,
302,3/10/2025,9218,TVCL,Trishuli Jal Vidhyut Company Limited ,575,596,550,550,20827,11766505.5,565.5,697,431,2025-03-10T14:59:52.543994,550,200,564.96,
303,3/10/2025,9221,H8020,Himalayan 80-20,10.19,10.2,10.08,10.2,1900,19284,10.38,10.83,8.36,2025-03-10T14:55:35.794163,10.2,15,10.14,
304,3/10/2025,9225,VLUCL,Vision Lumbini Urja Company Limited ,714.5,740,705,711,25795,18505670.8,727,816,445.1,2025-03-10T14:59:59.146924,711,241,717.41,
305,3/10/2025,9233,NWCL,Nepal Warehousing Company Limited ,1035,1050,1007.9,1015,8929,9126730.5,1025,1264,678,2025-03-10T14:59:57.98133,1015,170,1022.14,
306,3/10/2025,9236,NICGF2,NIC ASIA Growth Fund-2,8.6,8.62,8.6,8.6,1900,16351,8.59,9.79,7.32,2025-03-10T14:21:34.172734,8.6,12,8.6,
307,3/10/2025,9241,KSY,Kumari Sabal Yojana,8.81,8.9,8.81,8.87,1800,15922,8.98,10.91,7.77,2025-03-10T14:57:57.361576,8.87,15,8.84,
308,3/10/2025,9242,SARBTM,Sarbottam Cement Limited,883.3,883.3,843,843,51793,44111789.4,866,1083,556,2025-03-10T14:59:59.005218,843,409,851.69,
309,3/10/2025,9243,NIMBD90,10% NIMB Debenture 2090,1131,1131,1131,1131,30,33930,1131.9,1251,999.6,2025-03-10T12:06:59.822009,1131,1,1131,
310,3/10/2025,9244,NIBLSTF,NIBL Stable Fund,8.4,8.5,8.33,8.38,1200,10070,8.47,10.55,7.95,2025-03-10T14:21:18.902755,8.38,12,8.39,
311,3/10/2025,9245,MNMF1,Muktinath Mutual Fund 1,9.06,9.2,9.06,9.1,9700,88351,9.2,10.42,8.67,2025-03-10T14:41:08.30319,9.1,34,9.1,
